user_id_1,user_id_2,country,region,city,cap,latitude,longitude
T-424639,T-287090,IT,Toscana,Firenze,50124,43.7549435,11.2216134
T-298987,T-26609,IT,Toscana,Livorno,57124,43.5377939,10.383479
T-605100,T-467407,IT,Toscana,Firenze,50136,43.7668053,11.2991498
T-779133,T-647857,IT,Toscana,Firenze,50136,43.7668053,11.2991498
T-676344,T-933390,IT,Toscana,Firenze,50124,43.7549435,11.2216134
T-94442,T-526926,IT,Toscana,Firenze,50124,43.7549435,11.2216134
T-938466,T-738528,IT,Toscana,Livorno,57124,43.5377939,10.383479
T-526498,T-879915,IT,Toscana,Firenze,50136,43.7668053,11.2991498
T-420368,T-130563,IT,Toscana,Firenze,50124,43.7549435,11.2216134
T-335733,T-272219,IT,Toscana,Firenze,50124,43.7549435,11.2216134
T-900322,T-308286,IT,Toscana,Firenze,50124,43.7549435,11.2216134
T-423108,T-208920,IT,Toscana,Firenze,50136,43.7668053,11.2991498
T-666173,T-203520,IT,Toscana,Firenze,50124,43.7549435,11.2216134
T-573846,T-579077,IT,Toscana,Firenze,50136,43.7668053,11.2991498
T-220074,T-921546,IT,Toscana,Livorno,57124,43.5377939,10.383479
T-769190,T-628343,IT,Toscana,Firenze,50136,43.7668053,11.2991498
T-728173,T-537152,IT,Toscana,Firenze,50124,43.7549435,11.2216134
T-86903,T-981703,IT,Toscana,Firenze,50136,43.7668053,11.2991498
T-686354,T-577249,IT,Toscana,Livorno,57124,43.5377939,10.383479
T-947132,T-903868,IT,Toscana,Firenze,50124,43.7549435,11.2216134
T-338133,T-228244,IT,Toscana,Livorno,57124,43.5377939,10.383479
T-173811,T-703457,IT,Toscana,Livorno,57124,43.5377939,10.383479
T-887268,T-913189,IT,Toscana,Livorno,57124,43.5377939,10.383479
T-646331,T-634743,IT,Toscana,Firenze,50124,43.7549435,11.2216134
T-623952,T-548305,IT,Toscana,Firenze,50136,43.7668053,11.2991498
T-719115,T-264244,IT,Toscana,Firenze,50136,43.7668053,11.2991498
T-277556,T-925371,IT,Toscana,Livorno,57124,43.5377939,10.383479
T-461606,T-32159,IT,Toscana,Livorno,57124,43.5377939,10.383479
T-23200,T-944346,IT,Toscana,Firenze,50136,43.7668053,11.2991498
T-357648,T-780650,IT,Toscana,Firenze,50136,43.7668053,11.2991498
T-218653,T-200944,IT,Toscana,Livorno,57124,43.5377939,10.383479
T-217396,T-293007,IT,Toscana,Firenze,50136,43.7668053,11.2991498
T-720349,T-399302,IT,Toscana,Firenze,50136,43.7668053,11.2991498
T-321661,T-229481,IT,Toscana,Firenze,50136,43.7668053,11.2991498
T-965615,T-736812,IT,Toscana,Firenze,50124,43.7549435,11.2216134
T-169013,T-180326,IT,Toscana,Firenze,50136,43.7668053,11.2991498
T-912230,T-119753,IT,Toscana,Firenze,50124,43.7549435,11.2216134
T-88551,T-40999,IT,Toscana,Livorno,57124,43.5377939,10.383479
T-792558,T-796233,IT,Toscana,Firenze,50136,43.7668053,11.2991498
T-815136,T-95388,IT,Toscana,Livorno,57124,43.5377939,10.383479
T-724597,T-667447,IT,Toscana,Livorno,57124,43.5377939,10.383479
T-312178,T-861716,IT,Toscana,Firenze,50136,43.7668053,11.2991498
T-237851,T-125239,IT,Toscana,Firenze,50136,43.7668053,11.2991498
T-567439,T-381008,IT,Toscana,Firenze,50124,43.7549435,11.2216134
T-150541,T-176791,IT,Toscana,Firenze,50136,43.7668053,11.2991498
T-54820,T-741979,IT,Toscana,Firenze,50124,43.7549435,11.2216134
T-866600,T-934953,IT,Toscana,Livorno,57124,43.5377939,10.383479
T-22609,T-872537,IT,Toscana,Firenze,50124,43.7549435,11.2216134
T-161527,T-625544,IT,Toscana,Firenze,50124,43.7549435,11.2216134
T-195244,T-527047,IT,Toscana,Firenze,50136,43.7668053,11.2991498
T-357670,T-45398,IT,Toscana,Firenze,50136,43.7668053,11.2991498
T-175,T-151809,IT,Toscana,Firenze,50136,43.7668053,11.2991498
T-641659,T-958226,IT,Toscana,Firenze,50136,43.7668053,11.2991498
T-484513,T-992914,IT,Toscana,Firenze,50136,43.7668053,11.2991498
T-598536,T-468361,IT,Toscana,Firenze,50136,43.7668053,11.2991498
T-756496,T-900119,IT,Toscana,Livorno,57124,43.5377939,10.383479
T-203642,T-837823,IT,Toscana,Firenze,50124,43.7549435,11.2216134
T-575452,T-174111,IT,Toscana,Firenze,50136,43.7668053,11.2991498
T-368311,T-523628,IT,Toscana,Firenze,50124,43.7549435,11.2216134
T-421132,T-918783,IT,Toscana,Livorno,57124,43.5377939,10.383479
T-997328,T-135801,IT,Toscana,Firenze,50136,43.7668053,11.2991498
T-999048,T-803740,IT,Toscana,Firenze,50124,43.7549435,11.2216134
T-787589,T-907415,IT,Toscana,Firenze,50136,43.7668053,11.2991498
T-226912,T-269412,IT,Toscana,Firenze,50136,43.7668053,11.2991498
T-720093,T-822358,IT,Toscana,Livorno,57124,43.5377939,10.383479
T-55199,T-480264,IT,Toscana,Firenze,50124,43.7549435,11.2216134
T-594308,T-795739,IT,Toscana,Firenze,50136,43.7668053,11.2991498
T-205982,T-768060,IT,Toscana,Firenze,50136,43.7668053,11.2991498
T-488690,T-750887,IT,Toscana,Firenze,50136,43.7668053,11.2991498
T-82764,T-682790,IT,Toscana,Livorno,57124,43.5377939,10.383479
T-402117,T-898304,IT,Toscana,Firenze,50136,43.7668053,11.2991498
T-306300,T-648862,IT,Toscana,Firenze,50136,43.7668053,11.2991498
T-973853,T-682146,IT,Toscana,Firenze,50124,43.7549435,11.2216134
T-720989,T-59096,IT,Toscana,Firenze,50124,43.7549435,11.2216134
T-316399,T-374754,IT,Toscana,Firenze,50124,43.7549435,11.2216134
T-156382,T-801624,IT,Toscana,Livorno,57124,43.5377939,10.383479
T-832753,T-718237,IT,Toscana,Firenze,50124,43.7549435,11.2216134
T-392947,T-726673,IT,Toscana,Firenze,50136,43.7668053,11.2991498
T-553977,T-853761,IT,Toscana,Firenze,50136,43.7668053,11.2991498
T-861066,T-879160,IT,Toscana,Firenze,50136,43.7668053,11.2991498
T-464255,T-930041,IT,Toscana,Livorno,57124,43.5377939,10.383479
T-25011,T-780126,IT,Toscana,Firenze,50124,43.7549435,11.2216134
T-964251,T-359233,IT,Toscana,Livorno,57124,43.5377939,10.383479
T-822952,T-203869,IT,Toscana,Firenze,50124,43.7549435,11.2216134
T-240594,T-871691,IT,Toscana,Firenze,50136,43.7668053,11.2991498
T-74829,T-137012,IT,Toscana,Livorno,57124,43.5377939,10.383479
T-767778,T-854802,IT,Toscana,Firenze,50124,43.7549435,11.2216134
T-603564,T-1114,IT,Toscana,Livorno,57124,43.5377939,10.383479
T-17916,T-889855,IT,Toscana,Firenze,50124,43.7549435,11.2216134
T-403897,T-628403,IT,Toscana,Firenze,50136,43.7668053,11.2991498
T-903245,T-99329,IT,Toscana,Firenze,50124,43.7549435,11.2216134
T-136719,T-275299,IT,Toscana,Firenze,50136,43.7668053,11.2991498
T-829851,T-765191,IT,Toscana,Firenze,50136,43.7668053,11.2991498
T-589151,T-289975,IT,Toscana,Firenze,50136,43.7668053,11.2991498
T-179754,T-288784,IT,Toscana,Firenze,50124,43.7549435,11.2216134
T-691188,T-676561,IT,Toscana,Firenze,50136,43.7668053,11.2991498
T-108401,T-919615,IT,Toscana,Livorno,57124,43.5377939,10.383479
T-769506,T-974936,IT,Toscana,Firenze,50136,43.7668053,11.2991498
T-875405,T-182164,IT,Toscana,Firenze,50124,43.7549435,11.2216134
T-404666,T-636028,IT,Toscana,Firenze,50136,43.7668053,11.2991498
T-800516,T-644565,IT,Toscana,Firenze,50124,43.7549435,11.2216134
T-980366,T-561165,IT,Toscana,Livorno,57124,43.5377939,10.383479
T-560681,T-558934,IT,Toscana,Livorno,57124,43.5377939,10.383479
T-869901,T-352737,IT,Toscana,Firenze,50124,43.7549435,11.2216134
T-557330,T-965714,IT,Toscana,Livorno,57124,43.5377939,10.383479
T-618426,T-797487,IT,Toscana,Livorno,57124,43.5377939,10.383479
T-281262,T-431701,IT,Toscana,Firenze,50136,43.7668053,11.2991498
T-19357,T-867268,IT,Toscana,Firenze,50124,43.7549435,11.2216134
T-41253,T-656051,IT,Toscana,Livorno,57124,43.5377939,10.383479
T-563361,T-174830,IT,Toscana,Firenze,50136,43.7668053,11.2991498
T-423383,T-759839,IT,Toscana,Firenze,50136,43.7668053,11.2991498
T-681980,T-323816,IT,Toscana,Firenze,50136,43.7668053,11.2991498
T-617582,T-262197,IT,Toscana,Firenze,50136,43.7668053,11.2991498
T-302177,T-2253,IT,Toscana,Firenze,50136,43.7668053,11.2991498
T-647038,T-70751,IT,Toscana,Firenze,50136,43.7668053,11.2991498
T-522347,T-278075,IT,Toscana,Firenze,50136,43.7668053,11.2991498
T-939095,T-837811,IT,Toscana,Livorno,57124,43.5377939,10.383479
T-222794,T-109873,IT,Toscana,Firenze,50124,43.7549435,11.2216134
T-811986,T-366588,IT,Toscana,Firenze,50136,43.7668053,11.2991498
T-911269,T-37907,IT,Toscana,Firenze,50124,43.7549435,11.2216134
T-818133,T-522697,IT,Toscana,Firenze,50136,43.7668053,11.2991498
T-143658,T-541775,IT,Toscana,Firenze,50136,43.7668053,11.2991498
T-738381,T-760815,IT,Toscana,Firenze,50136,43.7668053,11.2991498
T-666909,T-802437,IT,Toscana,Firenze,50136,43.7668053,11.2991498
T-878329,T-533466,IT,Toscana,Firenze,50136,43.7668053,11.2991498
T-304034,T-743034,IT,Toscana,Livorno,57124,43.5377939,10.383479
T-375264,T-256472,IT,Toscana,Livorno,57124,43.5377939,10.383479
T-410372,T-472268,IT,Toscana,Firenze,50124,43.7549435,11.2216134
T-577602,T-657917,IT,Toscana,Livorno,57124,43.5377939,10.383479
T-34914,T-719394,IT,Toscana,Livorno,57124,43.5377939,10.383479
T-742921,T-237353,IT,Toscana,Firenze,50136,43.7668053,11.2991498
T-46041,T-419573,IT,Toscana,Livorno,57124,43.5377939,10.383479
T-324484,T-357624,IT,Toscana,Firenze,50136,43.7668053,11.2991498
T-357803,T-829152,IT,Toscana,Firenze,50124,43.7549435,11.2216134
T-935025,T-340037,IT,Toscana,Firenze,50124,43.7549435,11.2216134
T-79424,T-33357,IT,Toscana,Firenze,50136,43.7668053,11.2991498
T-50837,T-126326,IT,Toscana,Firenze,50136,43.7668053,11.2991498
T-805081,T-742145,IT,Toscana,Livorno,57124,43.5377939,10.383479
T-178336,T-254232,IT,Toscana,Livorno,57124,43.5377939,10.383479
T-321055,T-64648,IT,Toscana,Firenze,50136,43.7668053,11.2991498
T-326639,T-419623,IT,Toscana,Livorno,57124,43.5377939,10.383479
T-754377,T-171971,IT,Toscana,Livorno,57124,43.5377939,10.383479
T-505507,T-702815,IT,Toscana,Livorno,57124,43.5377939,10.383479
T-582963,T-580903,IT,Toscana,Firenze,50136,43.7668053,11.2991498
T-608251,T-846865,IT,Toscana,Firenze,50136,43.7668053,11.2991498
T-612714,T-960602,IT,Toscana,Firenze,50124,43.7549435,11.2216134
T-719457,T-124538,IT,Toscana,Livorno,57124,43.5377939,10.383479
T-501561,T-812281,IT,Toscana,Livorno,57124,43.5377939,10.383479
T-603327,T-376118,IT,Toscana,Firenze,50136,43.7668053,11.2991498
T-481836,T-877892,IT,Toscana,Firenze,50136,43.7668053,11.2991498
T-509770,T-37840,IT,Toscana,Firenze,50124,43.7549435,11.2216134
T-953429,T-297998,IT,Toscana,Firenze,50136,43.7668053,11.2991498
T-780777,T-835048,IT,Toscana,Firenze,50136,43.7668053,11.2991498
T-651433,T-286378,IT,Toscana,Livorno,57124,43.5377939,10.383479
T-248141,T-523543,IT,Toscana,Firenze,50124,43.7549435,11.2216134
T-800578,T-309509,IT,Toscana,Firenze,50136,43.7668053,11.2991498
T-984798,T-826771,IT,Toscana,Firenze,50136,43.7668053,11.2991498
T-770282,T-200801,IT,Toscana,Firenze,50136,43.7668053,11.2991498
T-479782,T-714407,IT,Toscana,Firenze,50124,43.7549435,11.2216134
T-921533,T-967698,IT,Toscana,Firenze,50136,43.7668053,11.2991498
T-489951,T-96077,IT,Toscana,Firenze,50136,43.7668053,11.2991498
T-984934,T-913630,IT,Toscana,Firenze,50136,43.7668053,11.2991498
T-754223,T-333428,IT,Toscana,Firenze,50136,43.7668053,11.2991498
T-125190,T-360674,IT,Toscana,Firenze,50136,43.7668053,11.2991498
T-19796,T-849089,IT,Toscana,Firenze,50136,43.7668053,11.2991498
T-73955,T-162994,IT,Toscana,Livorno,57124,43.5377939,10.383479
T-671668,T-547597,IT,Toscana,Firenze,50124,43.7549435,11.2216134
T-288524,T-628923,IT,Toscana,Firenze,50136,43.7668053,11.2991498
T-291507,T-385123,IT,Toscana,Firenze,50124,43.7549435,11.2216134
T-983394,T-306896,IT,Toscana,Firenze,50136,43.7668053,11.2991498
T-191088,T-43036,IT,Toscana,Livorno,57124,43.5377939,10.383479
T-726901,T-922498,IT,Toscana,Firenze,50136,43.7668053,11.2991498
T-956605,T-164347,IT,Toscana,Firenze,50136,43.7668053,11.2991498
T-197098,T-918154,IT,Toscana,Firenze,50124,43.7549435,11.2216134
T-107012,T-775580,IT,Toscana,Livorno,57124,43.5377939,10.383479
T-944144,T-881441,IT,Toscana,Livorno,57124,43.5377939,10.383479
T-927694,T-20681,IT,Toscana,Livorno,57124,43.5377939,10.383479
T-14836,T-692505,IT,Toscana,Firenze,50124,43.7549435,11.2216134
T-645282,T-260640,IT,Toscana,Firenze,50124,43.7549435,11.2216134
T-555101,T-161294,IT,Toscana,Firenze,50136,43.7668053,11.2991498
T-524563,T-328530,IT,Toscana,Livorno,57124,43.5377939,10.383479
T-323824,T-730708,IT,Toscana,Livorno,57124,43.5377939,10.383479
T-282466,T-700634,IT,Toscana,Firenze,50124,43.7549435,11.2216134
T-912974,T-658297,IT,Toscana,Firenze,50124,43.7549435,11.2216134
T-910169,T-645276,IT,Toscana,Firenze,50136,43.7668053,11.2991498
T-299300,T-614373,IT,Toscana,Firenze,50136,43.7668053,11.2991498
T-213113,T-362441,IT,Toscana,Firenze,50124,43.7549435,11.2216134
T-541229,T-379391,IT,Toscana,Firenze,50124,43.7549435,11.2216134
T-60115,T-806519,IT,Toscana,Firenze,50136,43.7668053,11.2991498
T-309662,T-610059,IT,Toscana,Firenze,50136,43.7668053,11.2991498
T-38574,T-781423,IT,Toscana,Firenze,50124,43.7549435,11.2216134
T-609044,T-837150,IT,Toscana,Firenze,50136,43.7668053,11.2991498
T-934188,T-355736,IT,Toscana,Livorno,57124,43.5377939,10.383479
T-804751,T-291317,IT,Toscana,Firenze,50136,43.7668053,11.2991498
T-268044,T-460465,IT,Toscana,Firenze,50124,43.7549435,11.2216134
T-554148,T-369176,IT,Toscana,Firenze,50124,43.7549435,11.2216134
T-497978,T-283352,IT,Toscana,Firenze,50136,43.7668053,11.2991498
T-586197,T-350367,IT,Toscana,Firenze,50124,43.7549435,11.2216134
T-346983,T-748113,IT,Toscana,Firenze,50136,43.7668053,11.2991498
T-525268,T-449091,IT,Toscana,Firenze,50124,43.7549435,11.2216134
T-379399,T-428002,IT,Toscana,Firenze,50124,43.7549435,11.2216134
T-216654,T-16312,IT,Toscana,Firenze,50136,43.7668053,11.2991498
T-109060,T-916221,IT,Toscana,Livorno,57124,43.5377939,10.383479
T-82555,T-846625,IT,Toscana,Livorno,57124,43.5377939,10.383479
T-892876,T-496127,IT,Toscana,Firenze,50136,43.7668053,11.2991498
T-859454,T-389634,IT,Toscana,Firenze,50124,43.7549435,11.2216134
T-480282,T-820702,IT,Toscana,Firenze,50136,43.7668053,11.2991498
T-870998,T-818029,IT,Toscana,Firenze,50136,43.7668053,11.2991498
T-782499,T-432503,IT,Toscana,Firenze,50136,43.7668053,11.2991498
T-284780,T-822787,IT,Toscana,Firenze,50124,43.7549435,11.2216134
T-750406,T-331219,IT,Toscana,Firenze,50124,43.7549435,11.2216134
T-589040,T-767953,IT,Toscana,Livorno,57124,43.5377939,10.383479
T-406470,T-936047,IT,Toscana,Livorno,57124,43.5377939,10.383479
T-371177,T-645108,IT,Toscana,Livorno,57124,43.5377939,10.383479
T-883489,T-539080,IT,Toscana,Firenze,50124,43.7549435,11.2216134
T-756301,T-120250,IT,Toscana,Livorno,57124,43.5377939,10.383479
T-126650,T-166970,IT,Toscana,Firenze,50136,43.7668053,11.2991498
T-574947,T-482694,IT,Toscana,Livorno,57124,43.5377939,10.383479
T-204216,T-625716,IT,Toscana,Firenze,50136,43.7668053,11.2991498
T-431908,T-490891,IT,Toscana,Firenze,50136,43.7668053,11.2991498
T-802730,T-965999,IT,Toscana,Livorno,57124,43.5377939,10.383479
T-626230,T-62638,IT,Toscana,Firenze,50136,43.7668053,11.2991498
T-675139,T-296985,IT,Toscana,Firenze,50124,43.7549435,11.2216134
T-412438,T-73547,IT,Toscana,Firenze,50124,43.7549435,11.2216134
T-742123,T-265566,IT,Toscana,Livorno,57124,43.5377939,10.383479
T-937004,T-212486,IT,Toscana,Livorno,57124,43.5377939,10.383479
T-805334,T-514701,IT,Toscana,Firenze,50136,43.7668053,11.2991498
T-919654,T-518273,IT,Toscana,Livorno,57124,43.5377939,10.383479
T-744783,T-630745,IT,Toscana,Firenze,50136,43.7668053,11.2991498
T-7609,T-996332,IT,Toscana,Livorno,57124,43.5377939,10.383479
T-77710,T-607352,IT,Toscana,Firenze,50124,43.7549435,11.2216134
T-139789,T-315041,IT,Toscana,Firenze,50124,43.7549435,11.2216134
T-836064,T-212906,IT,Toscana,Livorno,57124,43.5377939,10.383479
T-403634,T-503515,IT,Toscana,Livorno,57124,43.5377939,10.383479
T-989061,T-562553,IT,Toscana,Livorno,57124,43.5377939,10.383479
T-888143,T-181498,IT,Toscana,Firenze,50124,43.7549435,11.2216134
T-40484,T-362102,IT,Toscana,Firenze,50136,43.7668053,11.2991498
T-998724,T-386329,IT,Toscana,Livorno,57124,43.5377939,10.383479
T-585495,T-923523,IT,Toscana,Firenze,50136,43.7668053,11.2991498
T-288059,T-254887,IT,Toscana,Livorno,57124,43.5377939,10.383479
T-357208,T-841345,IT,Toscana,Livorno,57124,43.5377939,10.383479
T-497667,T-759629,IT,Toscana,Livorno,57124,43.5377939,10.383479
T-181648,T-64467,IT,Toscana,Firenze,50136,43.7668053,11.2991498
T-132386,T-187730,IT,Toscana,Firenze,50124,43.7549435,11.2216134
T-838234,T-966802,IT,Toscana,Firenze,50124,43.7549435,11.2216134
T-74340,T-559155,IT,Toscana,Livorno,57124,43.5377939,10.383479
T-650446,T-753177,IT,Toscana,Firenze,50124,43.7549435,11.2216134
T-54239,T-622587,IT,Toscana,Firenze,50124,43.7549435,11.2216134
T-779666,T-13636,IT,Toscana,Livorno,57124,43.5377939,10.383479
T-6376,T-757556,IT,Toscana,Livorno,57124,43.5377939,10.383479
T-955795,T-609484,IT,Toscana,Firenze,50136,43.7668053,11.2991498
T-782247,T-543908,IT,Toscana,Firenze,50136,43.7668053,11.2991498
T-900022,T-637085,IT,Toscana,Firenze,50124,43.7549435,11.2216134
T-798417,T-506806,IT,Toscana,Livorno,57124,43.5377939,10.383479
T-776842,T-715239,IT,Toscana,Firenze,50136,43.7668053,11.2991498
T-854552,T-141727,IT,Toscana,Firenze,50124,43.7549435,11.2216134
T-731138,T-115869,IT,Toscana,Firenze,50136,43.7668053,11.2991498
T-804849,T-790513,IT,Toscana,Firenze,50124,43.7549435,11.2216134
T-359962,T-335052,IT,Toscana,Firenze,50124,43.7549435,11.2216134
T-275169,T-548303,IT,Toscana,Livorno,57124,43.5377939,10.383479
T-881381,T-870016,IT,Toscana,Firenze,50136,43.7668053,11.2991498
T-570810,T-119291,IT,Toscana,Firenze,50124,43.7549435,11.2216134
T-968075,T-377415,IT,Toscana,Livorno,57124,43.5377939,10.383479
T-793013,T-24959,IT,Toscana,Livorno,57124,43.5377939,10.383479
T-179117,T-338271,IT,Toscana,Firenze,50136,43.7668053,11.2991498
T-945462,T-197405,IT,Toscana,Livorno,57124,43.5377939,10.383479
T-237841,T-32061,IT,Toscana,Firenze,50124,43.7549435,11.2216134
T-462246,T-658773,IT,Toscana,Firenze,50124,43.7549435,11.2216134
T-170303,T-557673,IT,Toscana,Firenze,50136,43.7668053,11.2991498
T-909286,T-670123,IT,Toscana,Firenze,50124,43.7549435,11.2216134
T-809018,T-909856,IT,Toscana,Firenze,50124,43.7549435,11.2216134
T-328706,T-541188,IT,Toscana,Firenze,50124,43.7549435,11.2216134
T-724226,T-190354,IT,Toscana,Firenze,50124,43.7549435,11.2216134
T-676329,T-267582,IT,Toscana,Livorno,57124,43.5377939,10.383479
T-986801,T-559589,IT,Toscana,Firenze,50136,43.7668053,11.2991498
T-647263,T-671393,IT,Toscana,Livorno,57124,43.5377939,10.383479
T-93028,T-734319,IT,Toscana,Firenze,50136,43.7668053,11.2991498
T-802302,T-121236,IT,Toscana,Firenze,50124,43.7549435,11.2216134
T-244635,T-562905,IT,Toscana,Firenze,50136,43.7668053,11.2991498
T-868550,T-782848,IT,Toscana,Firenze,50136,43.7668053,11.2991498
T-2665,T-323685,IT,Toscana,Firenze,50136,43.7668053,11.2991498
T-463452,T-86675,IT,Toscana,Firenze,50136,43.7668053,11.2991498
T-250925,T-958365,IT,Toscana,Firenze,50124,43.7549435,11.2216134
T-118376,T-935328,IT,Toscana,Firenze,50136,43.7668053,11.2991498
T-664989,T-850788,IT,Toscana,Livorno,57124,43.5377939,10.383479
T-629198,T-447082,IT,Toscana,Firenze,50136,43.7668053,11.2991498
T-448202,T-399921,IT,Toscana,Livorno,57124,43.5377939,10.383479
T-168892,T-456695,IT,Toscana,Firenze,50136,43.7668053,11.2991498
T-945750,T-680434,IT,Toscana,Firenze,50136,43.7668053,11.2991498
T-537469,T-814216,IT,Toscana,Firenze,50136,43.7668053,11.2991498
T-746510,T-519406,IT,Toscana,Firenze,50136,43.7668053,11.2991498
T-13437,T-312633,IT,Toscana,Firenze,50124,43.7549435,11.2216134
T-365612,T-233585,IT,Toscana,Firenze,50124,43.7549435,11.2216134
T-465714,T-380417,IT,Toscana,Livorno,57124,43.5377939,10.383479
T-360065,T-87726,IT,Toscana,Livorno,57124,43.5377939,10.383479
T-726396,T-555425,IT,Toscana,Firenze,50136,43.7668053,11.2991498
T-411948,T-625326,IT,Toscana,Firenze,50124,43.7549435,11.2216134
T-618183,T-609803,IT,Toscana,Firenze,50136,43.7668053,11.2991498
T-319750,T-561845,IT,Toscana,Firenze,50136,43.7668053,11.2991498
T-286186,T-764138,IT,Toscana,Firenze,50136,43.7668053,11.2991498
T-920916,T-630200,IT,Toscana,Firenze,50136,43.7668053,11.2991498
T-514789,T-262340,IT,Toscana,Firenze,50136,43.7668053,11.2991498
T-831606,T-973594,IT,Toscana,Livorno,57124,43.5377939,10.383479
T-542377,T-387446,IT,Toscana,Livorno,57124,43.5377939,10.383479
T-977134,T-647355,IT,Toscana,Livorno,57124,43.5377939,10.383479
T-986084,T-822717,IT,Toscana,Firenze,50124,43.7549435,11.2216134
T-662377,T-799422,IT,Toscana,Firenze,50124,43.7549435,11.2216134
T-277292,T-231269,IT,Toscana,Livorno,57124,43.5377939,10.383479
T-359042,T-658748,IT,Toscana,Firenze,50124,43.7549435,11.2216134
T-220141,T-913215,IT,Toscana,Firenze,50124,43.7549435,11.2216134
T-210230,T-943641,IT,Toscana,Firenze,50136,43.7668053,11.2991498
T-652494,T-708449,IT,Toscana,Livorno,57124,43.5377939,10.383479
T-136526,T-152687,IT,Toscana,Firenze,50136,43.7668053,11.2991498
T-981680,T-971824,IT,Toscana,Firenze,50136,43.7668053,11.2991498
T-814374,T-40215,IT,Toscana,Firenze,50124,43.7549435,11.2216134
T-155806,T-283134,IT,Toscana,Livorno,57124,43.5377939,10.383479
T-646481,T-301083,IT,Toscana,Firenze,50124,43.7549435,11.2216134
T-424468,T-755560,IT,Toscana,Livorno,57124,43.5377939,10.383479
T-992972,T-580668,IT,Toscana,Livorno,57124,43.5377939,10.383479
T-411798,T-506558,IT,Toscana,Livorno,57124,43.5377939,10.383479
T-333025,T-313230,IT,Toscana,Livorno,57124,43.5377939,10.383479
T-945038,T-850255,IT,Toscana,Firenze,50124,43.7549435,11.2216134
T-338730,T-102465,IT,Toscana,Livorno,57124,43.5377939,10.383479
T-707205,T-283105,IT,Toscana,Firenze,50124,43.7549435,11.2216134
T-11002,T-435475,IT,Toscana,Livorno,57124,43.5377939,10.383479
T-878801,T-548312,IT,Toscana,Firenze,50136,43.7668053,11.2991498
T-945606,T-135751,IT,Toscana,Firenze,50136,43.7668053,11.2991498
T-362870,T-954716,IT,Toscana,Livorno,57124,43.5377939,10.383479
T-954754,T-349331,IT,Toscana,Firenze,50124,43.7549435,11.2216134
T-242837,T-569929,IT,Toscana,Livorno,57124,43.5377939,10.383479
T-890505,T-983503,IT,Toscana,Firenze,50136,43.7668053,11.2991498
T-452505,T-937793,IT,Toscana,Livorno,57124,43.5377939,10.383479
T-555349,T-858484,IT,Toscana,Firenze,50136,43.7668053,11.2991498
T-744673,T-330981,IT,Toscana,Livorno,57124,43.5377939,10.383479
T-674908,T-674003,IT,Toscana,Livorno,57124,43.5377939,10.383479
T-74579,T-817497,IT,Toscana,Firenze,50136,43.7668053,11.2991498
T-933454,T-248255,IT,Toscana,Firenze,50124,43.7549435,11.2216134
T-183131,T-900085,IT,Toscana,Livorno,57124,43.5377939,10.383479
T-923076,T-36060,IT,Toscana,Firenze,50136,43.7668053,11.2991498
T-719478,T-676072,IT,Toscana,Livorno,57124,43.5377939,10.383479
T-101755,T-493300,IT,Toscana,Livorno,57124,43.5377939,10.383479
T-897964,T-189871,IT,Toscana,Firenze,50136,43.7668053,11.2991498
T-883600,T-18206,IT,Toscana,Firenze,50136,43.7668053,11.2991498
T-372952,T-978315,IT,Toscana,Firenze,50136,43.7668053,11.2991498
T-505106,T-178458,IT,Toscana,Firenze,50136,43.7668053,11.2991498
T-356813,T-843996,IT,Toscana,Livorno,57124,43.5377939,10.383479
T-530807,T-35517,IT,Toscana,Firenze,50136,43.7668053,11.2991498
T-972282,T-737285,IT,Toscana,Firenze,50124,43.7549435,11.2216134
T-876558,T-149679,IT,Toscana,Firenze,50136,43.7668053,11.2991498
T-231291,T-280237,IT,Toscana,Livorno,57124,43.5377939,10.383479
T-929423,T-393200,IT,Toscana,Firenze,50124,43.7549435,11.2216134
T-268906,T-999939,IT,Toscana,Firenze,50136,43.7668053,11.2991498
T-523615,T-402789,IT,Toscana,Livorno,57124,43.5377939,10.383479
T-593499,T-621461,IT,Toscana,Livorno,57124,43.5377939,10.383479
T-611011,T-970084,IT,Toscana,Firenze,50124,43.7549435,11.2216134
T-776945,T-118962,IT,Toscana,Livorno,57124,43.5377939,10.383479
T-111553,T-241206,IT,Toscana,Firenze,50136,43.7668053,11.2991498
T-521560,T-191851,IT,Toscana,Firenze,50136,43.7668053,11.2991498
T-478893,T-858795,IT,Toscana,Livorno,57124,43.5377939,10.383479
T-101566,T-975983,IT,Toscana,Firenze,50124,43.7549435,11.2216134
T-541452,T-207479,IT,Toscana,Firenze,50136,43.7668053,11.2991498
T-861110,T-327542,IT,Toscana,Livorno,57124,43.5377939,10.383479
T-897228,T-492767,IT,Toscana,Firenze,50136,43.7668053,11.2991498
T-610410,T-617040,IT,Toscana,Firenze,50136,43.7668053,11.2991498
T-664563,T-795826,IT,Toscana,Firenze,50124,43.7549435,11.2216134
T-10469,T-53220,IT,Toscana,Firenze,50124,43.7549435,11.2216134
T-182880,T-491288,IT,Toscana,Livorno,57124,43.5377939,10.383479
T-968624,T-667180,IT,Toscana,Livorno,57124,43.5377939,10.383479
T-311067,T-353613,IT,Toscana,Firenze,50124,43.7549435,11.2216134
T-448382,T-174096,IT,Toscana,Firenze,50136,43.7668053,11.2991498
T-98934,T-267217,IT,Toscana,Firenze,50124,43.7549435,11.2216134
T-324993,T-874647,IT,Toscana,Livorno,57124,43.5377939,10.383479
T-66350,T-793884,IT,Toscana,Firenze,50124,43.7549435,11.2216134
T-875176,T-466630,IT,Toscana,Livorno,57124,43.5377939,10.383479
T-509945,T-783325,IT,Toscana,Firenze,50124,43.7549435,11.2216134
T-195852,T-244349,IT,Toscana,Firenze,50136,43.7668053,11.2991498
T-255562,T-674559,IT,Toscana,Firenze,50136,43.7668053,11.2991498
T-915407,T-578244,IT,Toscana,Firenze,50124,43.7549435,11.2216134
T-456654,T-829566,IT,Toscana,Livorno,57124,43.5377939,10.383479
T-655418,T-674178,IT,Toscana,Firenze,50124,43.7549435,11.2216134
T-261877,T-352840,IT,Toscana,Firenze,50124,43.7549435,11.2216134
T-920758,T-393915,IT,Toscana,Livorno,57124,43.5377939,10.383479
T-438698,T-923954,IT,Toscana,Livorno,57124,43.5377939,10.383479
T-474158,T-315862,IT,Toscana,Firenze,50136,43.7668053,11.2991498
T-697036,T-222232,IT,Toscana,Livorno,57124,43.5377939,10.383479
T-604152,T-181091,IT,Toscana,Firenze,50124,43.7549435,11.2216134
T-44662,T-660080,IT,Toscana,Livorno,57124,43.5377939,10.383479
T-296394,T-868042,IT,Toscana,Livorno,57124,43.5377939,10.383479
T-41392,T-704490,IT,Toscana,Livorno,57124,43.5377939,10.383479
T-410886,T-105513,IT,Toscana,Firenze,50136,43.7668053,11.2991498
T-995233,T-912435,IT,Toscana,Firenze,50136,43.7668053,11.2991498
T-781802,T-304704,IT,Toscana,Firenze,50124,43.7549435,11.2216134
T-259658,T-247210,IT,Toscana,Firenze,50136,43.7668053,11.2991498
T-473440,T-593877,IT,Toscana,Livorno,57124,43.5377939,10.383479
T-175456,T-572957,IT,Toscana,Firenze,50136,43.7668053,11.2991498
T-699322,T-939761,IT,Toscana,Livorno,57124,43.5377939,10.383479
T-5467,T-93209,IT,Toscana,Firenze,50124,43.7549435,11.2216134
T-509013,T-313685,IT,Toscana,Livorno,57124,43.5377939,10.383479
T-263192,T-898937,IT,Toscana,Firenze,50124,43.7549435,11.2216134
T-954795,T-407535,IT,Toscana,Firenze,50124,43.7549435,11.2216134
T-877323,T-241262,IT,Toscana,Firenze,50124,43.7549435,11.2216134
T-840948,T-840547,IT,Toscana,Livorno,57124,43.5377939,10.383479
T-15334,T-640274,IT,Toscana,Livorno,57124,43.5377939,10.383479
T-73799,T-629330,IT,Toscana,Livorno,57124,43.5377939,10.383479
T-897291,T-446764,IT,Toscana,Firenze,50136,43.7668053,11.2991498
T-504497,T-282663,IT,Toscana,Firenze,50136,43.7668053,11.2991498
T-484849,T-920816,IT,Toscana,Firenze,50136,43.7668053,11.2991498
T-462326,T-704205,IT,Toscana,Firenze,50124,43.7549435,11.2216134
T-260784,T-153881,IT,Toscana,Firenze,50124,43.7549435,11.2216134
T-373955,T-166905,IT,Toscana,Firenze,50124,43.7549435,11.2216134
T-875522,T-795745,IT,Toscana,Firenze,50124,43.7549435,11.2216134
T-506612,T-896844,IT,Toscana,Firenze,50124,43.7549435,11.2216134
T-44231,T-263461,IT,Toscana,Firenze,50136,43.7668053,11.2991498
T-405049,T-107045,IT,Toscana,Livorno,57124,43.5377939,10.383479
T-55257,T-795022,IT,Toscana,Livorno,57124,43.5377939,10.383479
T-871728,T-3802,IT,Toscana,Firenze,50124,43.7549435,11.2216134
T-477347,T-833388,IT,Toscana,Firenze,50124,43.7549435,11.2216134
T-531475,T-628590,IT,Toscana,Livorno,57124,43.5377939,10.383479
T-224168,T-51114,IT,Toscana,Livorno,57124,43.5377939,10.383479
T-113303,T-868593,IT,Toscana,Firenze,50136,43.7668053,11.2991498
T-874036,T-736585,IT,Toscana,Firenze,50124,43.7549435,11.2216134
T-893067,T-497398,IT,Toscana,Livorno,57124,43.5377939,10.383479
T-749366,T-744878,IT,Toscana,Firenze,50124,43.7549435,11.2216134
T-745663,T-490916,IT,Toscana,Firenze,50124,43.7549435,11.2216134
T-778762,T-357072,IT,Toscana,Livorno,57124,43.5377939,10.383479
T-297545,T-267190,IT,Toscana,Firenze,50136,43.7668053,11.2991498
T-578147,T-953030,IT,Toscana,Firenze,50136,43.7668053,11.2991498
T-148862,T-461654,IT,Toscana,Firenze,50124,43.7549435,11.2216134
T-385783,T-104537,IT,Toscana,Livorno,57124,43.5377939,10.383479
T-330156,T-485909,IT,Toscana,Firenze,50136,43.7668053,11.2991498
T-563615,T-492135,IT,Toscana,Livorno,57124,43.5377939,10.383479
T-621060,T-590213,IT,Toscana,Firenze,50136,43.7668053,11.2991498
T-10080,T-711836,IT,Toscana,Firenze,50136,43.7668053,11.2991498
T-912963,T-531109,IT,Toscana,Livorno,57124,43.5377939,10.383479
T-577986,T-439387,IT,Toscana,Livorno,57124,43.5377939,10.383479
T-907744,T-815952,IT,Toscana,Firenze,50136,43.7668053,11.2991498
T-844150,T-240005,IT,Toscana,Livorno,57124,43.5377939,10.383479
T-9841,T-910454,IT,Toscana,Firenze,50124,43.7549435,11.2216134
T-708246,T-792629,IT,Toscana,Livorno,57124,43.5377939,10.383479
T-26322,T-22831,IT,Toscana,Firenze,50124,43.7549435,11.2216134
T-308348,T-792153,IT,Toscana,Firenze,50136,43.7668053,11.2991498
T-376217,T-535471,IT,Toscana,Firenze,50136,43.7668053,11.2991498
T-397451,T-936278,IT,Toscana,Firenze,50124,43.7549435,11.2216134
T-598850,T-578004,IT,Toscana,Firenze,50124,43.7549435,11.2216134
T-847707,T-709109,IT,Toscana,Firenze,50136,43.7668053,11.2991498
T-644046,T-565612,IT,Toscana,Firenze,50136,43.7668053,11.2991498
T-336493,T-151240,IT,Toscana,Firenze,50124,43.7549435,11.2216134
T-581160,T-254009,IT,Toscana,Livorno,57124,43.5377939,10.383479
T-53874,T-834300,IT,Toscana,Firenze,50124,43.7549435,11.2216134
T-559428,T-353109,IT,Toscana,Livorno,57124,43.5377939,10.383479
T-964190,T-238969,IT,Toscana,Livorno,57124,43.5377939,10.383479
T-109801,T-435917,IT,Toscana,Livorno,57124,43.5377939,10.383479
T-984470,T-499619,IT,Toscana,Livorno,57124,43.5377939,10.383479
T-723331,T-75051,IT,Toscana,Livorno,57124,43.5377939,10.383479
T-986403,T-913275,IT,Toscana,Livorno,57124,43.5377939,10.383479
T-397033,T-951693,IT,Toscana,Livorno,57124,43.5377939,10.383479
T-428143,T-870765,IT,Toscana,Firenze,50136,43.7668053,11.2991498
T-102202,T-257920,IT,Toscana,Livorno,57124,43.5377939,10.383479
T-934568,T-604401,IT,Toscana,Firenze,50124,43.7549435,11.2216134
T-904084,T-718174,IT,Toscana,Livorno,57124,43.5377939,10.383479
T-430127,T-491540,IT,Toscana,Livorno,57124,43.5377939,10.383479
T-869136,T-97251,IT,Toscana,Livorno,57124,43.5377939,10.383479
T-160886,T-376178,IT,Toscana,Firenze,50136,43.7668053,11.2991498
T-565995,T-695810,IT,Toscana,Firenze,50136,43.7668053,11.2991498
T-875342,T-83563,IT,Toscana,Livorno,57124,43.5377939,10.383479
T-393991,T-905900,IT,Toscana,Firenze,50124,43.7549435,11.2216134
T-256626,T-36097,IT,Toscana,Firenze,50124,43.7549435,11.2216134
T-484802,T-252926,IT,Toscana,Firenze,50136,43.7668053,11.2991498
T-583186,T-833207,IT,Toscana,Livorno,57124,43.5377939,10.383479
T-651371,T-881801,IT,Toscana,Firenze,50136,43.7668053,11.2991498
T-855496,T-757360,IT,Toscana,Livorno,57124,43.5377939,10.383479
T-751019,T-345429,IT,Toscana,Livorno,57124,43.5377939,10.383479
T-735966,T-434560,IT,Toscana,Livorno,57124,43.5377939,10.383479
T-510025,T-52153,IT,Toscana,Firenze,50124,43.7549435,11.2216134
T-890086,T-16207,IT,Toscana,Firenze,50136,43.7668053,11.2991498
T-641369,T-713069,IT,Toscana,Livorno,57124,43.5377939,10.383479
T-799655,T-506530,IT,Toscana,Livorno,57124,43.5377939,10.383479
T-786083,T-817877,IT,Toscana,Livorno,57124,43.5377939,10.383479
T-854430,T-101497,IT,Toscana,Firenze,50124,43.7549435,11.2216134
T-245228,T-687424,IT,Toscana,Livorno,57124,43.5377939,10.383479
T-809900,T-607431,IT,Toscana,Livorno,57124,43.5377939,10.383479
T-865136,T-608276,IT,Toscana,Firenze,50136,43.7668053,11.2991498
T-489732,T-363149,IT,Toscana,Livorno,57124,43.5377939,10.383479
T-142473,T-187795,IT,Toscana,Livorno,57124,43.5377939,10.383479
T-595375,T-689165,IT,Toscana,Livorno,57124,43.5377939,10.383479
T-712262,T-800905,IT,Toscana,Firenze,50124,43.7549435,11.2216134
T-97032,T-305502,IT,Toscana,Livorno,57124,43.5377939,10.383479
T-217768,T-143040,IT,Toscana,Livorno,57124,43.5377939,10.383479
T-753610,T-670524,IT,Toscana,Firenze,50136,43.7668053,11.2991498
T-91477,T-347330,IT,Toscana,Firenze,50136,43.7668053,11.2991498
T-324813,T-811587,IT,Toscana,Firenze,50124,43.7549435,11.2216134
T-116983,T-332753,IT,Toscana,Firenze,50136,43.7668053,11.2991498
T-762807,T-371261,IT,Toscana,Livorno,57124,43.5377939,10.383479
T-739672,T-15038,IT,Toscana,Firenze,50136,43.7668053,11.2991498
T-925926,T-774504,IT,Toscana,Firenze,50136,43.7668053,11.2991498
T-280647,T-590734,IT,Toscana,Livorno,57124,43.5377939,10.383479
T-536926,T-277930,IT,Toscana,Livorno,57124,43.5377939,10.383479
T-733566,T-285071,IT,Toscana,Livorno,57124,43.5377939,10.383479
T-498969,T-150724,IT,Toscana,Firenze,50124,43.7549435,11.2216134
T-64318,T-31712,IT,Toscana,Firenze,50136,43.7668053,11.2991498
T-974403,T-253876,IT,Toscana,Livorno,57124,43.5377939,10.383479
T-141433,T-754,IT,Toscana,Firenze,50136,43.7668053,11.2991498
T-905756,T-667537,IT,Toscana,Firenze,50136,43.7668053,11.2991498
T-407733,T-429255,IT,Toscana,Firenze,50136,43.7668053,11.2991498
T-173118,T-69586,IT,Toscana,Livorno,57124,43.5377939,10.383479
T-447547,T-481986,IT,Toscana,Firenze,50124,43.7549435,11.2216134
T-593729,T-315695,IT,Toscana,Firenze,50124,43.7549435,11.2216134
T-454249,T-401247,IT,Toscana,Firenze,50124,43.7549435,11.2216134
T-23722,T-745036,IT,Toscana,Firenze,50124,43.7549435,11.2216134
T-336516,T-157688,IT,Toscana,Firenze,50124,43.7549435,11.2216134
T-222173,T-916178,IT,Toscana,Firenze,50124,43.7549435,11.2216134
T-526712,T-163286,IT,Toscana,Firenze,50136,43.7668053,11.2991498
T-432290,T-825170,IT,Toscana,Firenze,50136,43.7668053,11.2991498
T-891155,T-866859,IT,Toscana,Livorno,57124,43.5377939,10.383479
T-771285,T-608515,IT,Toscana,Livorno,57124,43.5377939,10.383479
T-67790,T-953283,IT,Toscana,Firenze,50136,43.7668053,11.2991498
T-418356,T-650764,IT,Toscana,Firenze,50136,43.7668053,11.2991498
T-823186,T-693428,IT,Toscana,Livorno,57124,43.5377939,10.383479
T-431207,T-646839,IT,Toscana,Firenze,50136,43.7668053,11.2991498
T-99302,T-811960,IT,Toscana,Firenze,50124,43.7549435,11.2216134
T-468916,T-457401,IT,Toscana,Firenze,50136,43.7668053,11.2991498
T-599402,T-458330,IT,Toscana,Firenze,50124,43.7549435,11.2216134
T-741154,T-626204,IT,Toscana,Livorno,57124,43.5377939,10.383479
T-129649,T-561810,IT,Toscana,Firenze,50136,43.7668053,11.2991498
T-115389,T-368473,IT,Toscana,Firenze,50136,43.7668053,11.2991498
T-334900,T-696462,IT,Toscana,Firenze,50136,43.7668053,11.2991498
T-429582,T-792030,IT,Toscana,Firenze,50124,43.7549435,11.2216134
T-755043,T-372094,IT,Toscana,Firenze,50124,43.7549435,11.2216134
T-15814,T-647242,IT,Toscana,Firenze,50124,43.7549435,11.2216134
T-229132,T-622317,IT,Toscana,Firenze,50136,43.7668053,11.2991498
T-806524,T-588501,IT,Toscana,Firenze,50136,43.7668053,11.2991498
T-169445,T-870743,IT,Toscana,Firenze,50136,43.7668053,11.2991498
T-230911,T-453125,IT,Toscana,Livorno,57124,43.5377939,10.383479
T-23515,T-240153,IT,Toscana,Firenze,50124,43.7549435,11.2216134
T-878531,T-686427,IT,Toscana,Livorno,57124,43.5377939,10.383479
T-387827,T-404893,IT,Toscana,Firenze,50136,43.7668053,11.2991498
T-976654,T-646229,IT,Toscana,Firenze,50124,43.7549435,11.2216134
T-906721,T-113404,IT,Toscana,Livorno,57124,43.5377939,10.383479
T-201299,T-563906,IT,Toscana,Firenze,50124,43.7549435,11.2216134
T-902146,T-184906,IT,Toscana,Firenze,50136,43.7668053,11.2991498
T-644268,T-314688,IT,Toscana,Firenze,50124,43.7549435,11.2216134
T-70443,T-749708,IT,Toscana,Livorno,57124,43.5377939,10.383479
T-672503,T-439664,IT,Toscana,Firenze,50136,43.7668053,11.2991498
T-68046,T-710873,IT,Toscana,Livorno,57124,43.5377939,10.383479
T-525868,T-289390,IT,Toscana,Firenze,50124,43.7549435,11.2216134
T-138071,T-262480,IT,Toscana,Firenze,50136,43.7668053,11.2991498
T-531906,T-420971,IT,Toscana,Livorno,57124,43.5377939,10.383479
T-22337,T-318900,IT,Toscana,Firenze,50136,43.7668053,11.2991498
T-888880,T-512342,IT,Toscana,Livorno,57124,43.5377939,10.383479
T-934519,T-493168,IT,Toscana,Firenze,50136,43.7668053,11.2991498
T-396653,T-430287,IT,Toscana,Livorno,57124,43.5377939,10.383479
T-599849,T-754589,IT,Toscana,Firenze,50124,43.7549435,11.2216134
T-871421,T-454681,IT,Toscana,Firenze,50136,43.7668053,11.2991498
T-30742,T-972211,IT,Toscana,Firenze,50124,43.7549435,11.2216134
T-856136,T-741855,IT,Toscana,Livorno,57124,43.5377939,10.383479
T-346165,T-704360,IT,Toscana,Livorno,57124,43.5377939,10.383479
T-893359,T-828829,IT,Toscana,Firenze,50124,43.7549435,11.2216134
T-803779,T-881837,IT,Toscana,Firenze,50136,43.7668053,11.2991498
T-198742,T-386325,IT,Toscana,Firenze,50136,43.7668053,11.2991498
T-15853,T-855515,IT,Toscana,Firenze,50124,43.7549435,11.2216134
T-616363,T-275813,IT,Toscana,Firenze,50124,43.7549435,11.2216134
T-836311,T-238667,IT,Toscana,Livorno,57124,43.5377939,10.383479
T-607334,T-664431,IT,Toscana,Livorno,57124,43.5377939,10.383479
T-474319,T-156457,IT,Toscana,Firenze,50124,43.7549435,11.2216134
T-734876,T-825260,IT,Toscana,Firenze,50136,43.7668053,11.2991498
T-566469,T-228710,IT,Toscana,Livorno,57124,43.5377939,10.383479
T-589984,T-536626,IT,Toscana,Livorno,57124,43.5377939,10.383479
T-816669,T-224363,IT,Toscana,Firenze,50124,43.7549435,11.2216134
T-290046,T-879916,IT,Toscana,Firenze,50124,43.7549435,11.2216134
T-579539,T-292290,IT,Toscana,Firenze,50124,43.7549435,11.2216134
T-965905,T-339433,IT,Toscana,Livorno,57124,43.5377939,10.383479
T-458979,T-607527,IT,Toscana,Firenze,50124,43.7549435,11.2216134
T-781468,T-655478,IT,Toscana,Livorno,57124,43.5377939,10.383479
T-976841,T-253011,IT,Toscana,Firenze,50124,43.7549435,11.2216134
T-232434,T-884239,IT,Toscana,Livorno,57124,43.5377939,10.383479
T-110074,T-545517,IT,Toscana,Firenze,50136,43.7668053,11.2991498
T-405870,T-442870,IT,Toscana,Firenze,50136,43.7668053,11.2991498
T-103180,T-819663,IT,Toscana,Livorno,57124,43.5377939,10.383479
T-894977,T-249161,IT,Toscana,Firenze,50136,43.7668053,11.2991498
T-142782,T-80073,IT,Toscana,Firenze,50136,43.7668053,11.2991498
T-222169,T-503461,IT,Toscana,Livorno,57124,43.5377939,10.383479
T-939455,T-145011,IT,Toscana,Firenze,50124,43.7549435,11.2216134
T-867831,T-268313,IT,Toscana,Firenze,50124,43.7549435,11.2216134
T-995740,T-304313,IT,Toscana,Firenze,50124,43.7549435,11.2216134
T-305208,T-856970,IT,Toscana,Livorno,57124,43.5377939,10.383479
T-739535,T-651425,IT,Toscana,Firenze,50124,43.7549435,11.2216134
T-901200,T-672789,IT,Toscana,Livorno,57124,43.5377939,10.383479
T-288557,T-458131,IT,Toscana,Firenze,50136,43.7668053,11.2991498
T-391019,T-971990,IT,Toscana,Firenze,50136,43.7668053,11.2991498
T-591489,T-5761,IT,Toscana,Firenze,50136,43.7668053,11.2991498
T-824654,T-185413,IT,Toscana,Firenze,50124,43.7549435,11.2216134
T-465927,T-170315,IT,Toscana,Firenze,50136,43.7668053,11.2991498
T-42735,T-67206,IT,Toscana,Firenze,50124,43.7549435,11.2216134
T-111874,T-469829,IT,Toscana,Firenze,50124,43.7549435,11.2216134
T-244982,T-116282,IT,Toscana,Firenze,50136,43.7668053,11.2991498
T-368555,T-880828,IT,Toscana,Firenze,50124,43.7549435,11.2216134
T-2651,T-400737,IT,Toscana,Livorno,57124,43.5377939,10.383479
T-26078,T-695505,IT,Toscana,Livorno,57124,43.5377939,10.383479
T-542465,T-109485,IT,Toscana,Firenze,50136,43.7668053,11.2991498
T-775056,T-663485,IT,Toscana,Firenze,50136,43.7668053,11.2991498
T-333230,T-495850,IT,Toscana,Livorno,57124,43.5377939,10.383479
T-270499,T-725932,IT,Toscana,Firenze,50136,43.7668053,11.2991498
T-510457,T-712012,IT,Toscana,Firenze,50124,43.7549435,11.2216134
T-338545,T-138118,IT,Toscana,Firenze,50124,43.7549435,11.2216134
T-116773,T-230419,IT,Toscana,Firenze,50124,43.7549435,11.2216134
T-243893,T-286108,IT,Toscana,Firenze,50136,43.7668053,11.2991498
T-844931,T-691195,IT,Toscana,Firenze,50124,43.7549435,11.2216134
T-748854,T-313790,IT,Toscana,Firenze,50124,43.7549435,11.2216134
T-434959,T-816987,IT,Toscana,Firenze,50124,43.7549435,11.2216134
T-556917,T-277171,IT,Toscana,Firenze,50124,43.7549435,11.2216134
T-747410,T-713177,IT,Toscana,Firenze,50124,43.7549435,11.2216134
T-667637,T-148214,IT,Toscana,Firenze,50124,43.7549435,11.2216134
T-847703,T-857717,IT,Toscana,Livorno,57124,43.5377939,10.383479
T-208614,T-262523,IT,Toscana,Firenze,50136,43.7668053,11.2991498
T-291438,T-895705,IT,Toscana,Firenze,50136,43.7668053,11.2991498
T-427990,T-79873,IT,Toscana,Livorno,57124,43.5377939,10.383479
T-240669,T-459284,IT,Toscana,Livorno,57124,43.5377939,10.383479
T-721770,T-281055,IT,Toscana,Livorno,57124,43.5377939,10.383479
T-765419,T-536479,IT,Toscana,Livorno,57124,43.5377939,10.383479
T-962576,T-23231,IT,Toscana,Firenze,50136,43.7668053,11.2991498
T-891367,T-438600,IT,Toscana,Firenze,50124,43.7549435,11.2216134
T-771766,T-342270,IT,Toscana,Firenze,50136,43.7668053,11.2991498
T-330805,T-504224,IT,Toscana,Firenze,50124,43.7549435,11.2216134
T-396864,T-769167,IT,Toscana,Livorno,57124,43.5377939,10.383479
T-617821,T-731015,IT,Toscana,Livorno,57124,43.5377939,10.383479
T-662028,T-658374,IT,Toscana,Firenze,50124,43.7549435,11.2216134
T-839378,T-328723,IT,Toscana,Firenze,50136,43.7668053,11.2991498
T-623125,T-996090,IT,Toscana,Firenze,50136,43.7668053,11.2991498
T-801712,T-180790,IT,Toscana,Livorno,57124,43.5377939,10.383479
T-277857,T-729825,IT,Toscana,Firenze,50124,43.7549435,11.2216134
T-917763,T-902282,IT,Toscana,Firenze,50124,43.7549435,11.2216134
T-711999,T-794900,IT,Toscana,Livorno,57124,43.5377939,10.383479
T-506153,T-736186,IT,Toscana,Firenze,50124,43.7549435,11.2216134
T-170072,T-827333,IT,Toscana,Firenze,50124,43.7549435,11.2216134
T-357325,T-784175,IT,Toscana,Firenze,50124,43.7549435,11.2216134
T-866536,T-994954,IT,Toscana,Firenze,50124,43.7549435,11.2216134
T-186577,T-108575,IT,Toscana,Firenze,50124,43.7549435,11.2216134
T-145398,T-370955,IT,Toscana,Firenze,50136,43.7668053,11.2991498
T-481041,T-23226,IT,Toscana,Firenze,50124,43.7549435,11.2216134
T-843300,T-354693,IT,Toscana,Firenze,50136,43.7668053,11.2991498
T-921237,T-139840,IT,Toscana,Livorno,57124,43.5377939,10.383479
T-959086,T-115721,IT,Toscana,Firenze,50136,43.7668053,11.2991498
T-614538,T-322927,IT,Toscana,Livorno,57124,43.5377939,10.383479
T-798377,T-217281,IT,Toscana,Firenze,50136,43.7668053,11.2991498
T-343379,T-274755,IT,Toscana,Livorno,57124,43.5377939,10.383479
T-964999,T-87566,IT,Toscana,Firenze,50124,43.7549435,11.2216134
T-496023,T-295951,IT,Toscana,Firenze,50136,43.7668053,11.2991498
T-536895,T-150219,IT,Toscana,Firenze,50136,43.7668053,11.2991498
T-43058,T-978865,IT,Toscana,Firenze,50124,43.7549435,11.2216134
T-767846,T-405046,IT,Toscana,Firenze,50124,43.7549435,11.2216134
T-957725,T-59467,IT,Toscana,Firenze,50124,43.7549435,11.2216134
T-39682,T-541810,IT,Toscana,Firenze,50136,43.7668053,11.2991498
T-536550,T-687911,IT,Toscana,Firenze,50124,43.7549435,11.2216134
T-791715,T-523391,IT,Toscana,Firenze,50124,43.7549435,11.2216134
T-150739,T-60032,IT,Toscana,Firenze,50124,43.7549435,11.2216134
T-746816,T-183770,IT,Toscana,Firenze,50124,43.7549435,11.2216134
T-714350,T-411465,IT,Toscana,Firenze,50124,43.7549435,11.2216134
T-715185,T-873975,IT,Toscana,Livorno,57124,43.5377939,10.383479
T-381701,T-877268,IT,Toscana,Firenze,50124,43.7549435,11.2216134
T-562286,T-453462,IT,Toscana,Firenze,50124,43.7549435,11.2216134
T-568943,T-102706,IT,Toscana,Firenze,50136,43.7668053,11.2991498
T-129826,T-65808,IT,Toscana,Firenze,50124,43.7549435,11.2216134
T-898877,T-615815,IT,Toscana,Firenze,50136,43.7668053,11.2991498
T-774186,T-519584,IT,Toscana,Livorno,57124,43.5377939,10.383479
T-293550,T-297249,IT,Toscana,Firenze,50124,43.7549435,11.2216134
T-552249,T-14152,IT,Toscana,Livorno,57124,43.5377939,10.383479
T-217671,T-488414,IT,Toscana,Livorno,57124,43.5377939,10.383479
T-767578,T-829165,IT,Toscana,Firenze,50124,43.7549435,11.2216134
T-409856,T-617242,IT,Toscana,Livorno,57124,43.5377939,10.383479
T-134377,T-471107,IT,Toscana,Livorno,57124,43.5377939,10.383479
T-120935,T-639776,IT,Toscana,Firenze,50124,43.7549435,11.2216134
T-6486,T-386344,IT,Toscana,Firenze,50136,43.7668053,11.2991498
T-795118,T-837658,IT,Toscana,Livorno,57124,43.5377939,10.383479
T-911184,T-119885,IT,Toscana,Firenze,50136,43.7668053,11.2991498
T-290432,T-289713,IT,Toscana,Firenze,50136,43.7668053,11.2991498
T-525666,T-319448,IT,Toscana,Livorno,57124,43.5377939,10.383479
T-818742,T-114170,IT,Toscana,Firenze,50136,43.7668053,11.2991498
T-275598,T-700629,IT,Toscana,Livorno,57124,43.5377939,10.383479
T-766038,T-966358,IT,Toscana,Firenze,50136,43.7668053,11.2991498
T-818984,T-545121,IT,Toscana,Livorno,57124,43.5377939,10.383479
T-903344,T-927709,IT,Toscana,Firenze,50136,43.7668053,11.2991498
T-657725,T-155281,IT,Toscana,Firenze,50136,43.7668053,11.2991498
T-658438,T-925559,IT,Toscana,Firenze,50124,43.7549435,11.2216134
T-325073,T-689366,IT,Toscana,Firenze,50124,43.7549435,11.2216134
T-295882,T-57799,IT,Toscana,Firenze,50136,43.7668053,11.2991498
T-221865,T-363350,IT,Toscana,Firenze,50124,43.7549435,11.2216134
T-102397,T-697711,IT,Toscana,Livorno,57124,43.5377939,10.383479
T-657185,T-746770,IT,Toscana,Livorno,57124,43.5377939,10.383479
T-894195,T-836607,IT,Toscana,Livorno,57124,43.5377939,10.383479
T-235376,T-641933,IT,Toscana,Firenze,50124,43.7549435,11.2216134
T-605033,T-822146,IT,Toscana,Firenze,50136,43.7668053,11.2991498
T-554421,T-968558,IT,Toscana,Livorno,57124,43.5377939,10.383479
T-209667,T-448065,IT,Toscana,Firenze,50136,43.7668053,11.2991498
T-108888,T-42494,IT,Toscana,Firenze,50124,43.7549435,11.2216134
T-89190,T-56778,IT,Toscana,Firenze,50124,43.7549435,11.2216134
T-441575,T-25887,IT,Toscana,Firenze,50124,43.7549435,11.2216134
T-90873,T-359592,IT,Toscana,Firenze,50124,43.7549435,11.2216134
T-641331,T-702339,IT,Toscana,Firenze,50136,43.7668053,11.2991498
T-836639,T-988581,IT,Toscana,Livorno,57124,43.5377939,10.383479
T-527220,T-80271,IT,Toscana,Livorno,57124,43.5377939,10.383479
T-141260,T-564089,IT,Toscana,Firenze,50136,43.7668053,11.2991498
T-233612,T-268967,IT,Toscana,Firenze,50136,43.7668053,11.2991498
T-987728,T-541920,IT,Toscana,Firenze,50124,43.7549435,11.2216134
T-206954,T-801266,IT,Toscana,Firenze,50136,43.7668053,11.2991498
T-274736,T-170349,IT,Toscana,Firenze,50136,43.7668053,11.2991498
T-68186,T-876996,IT,Toscana,Firenze,50124,43.7549435,11.2216134
T-521280,T-943304,IT,Toscana,Firenze,50136,43.7668053,11.2991498
T-807651,T-768697,IT,Toscana,Firenze,50124,43.7549435,11.2216134
T-570479,T-196239,IT,Toscana,Livorno,57124,43.5377939,10.383479
T-418927,T-207460,IT,Toscana,Livorno,57124,43.5377939,10.383479
T-831823,T-111522,IT,Toscana,Livorno,57124,43.5377939,10.383479
T-340819,T-915944,IT,Toscana,Firenze,50136,43.7668053,11.2991498
T-324650,T-276173,IT,Toscana,Livorno,57124,43.5377939,10.383479
T-287667,T-384451,IT,Toscana,Firenze,50124,43.7549435,11.2216134
T-804996,T-110593,IT,Toscana,Firenze,50124,43.7549435,11.2216134
T-446195,T-513671,IT,Toscana,Firenze,50124,43.7549435,11.2216134
T-10315,T-890488,IT,Toscana,Firenze,50124,43.7549435,11.2216134
T-483154,T-283693,IT,Toscana,Firenze,50136,43.7668053,11.2991498
T-548769,T-293274,IT,Toscana,Livorno,57124,43.5377939,10.383479
T-7808,T-533073,IT,Toscana,Livorno,57124,43.5377939,10.383479
T-431531,T-141862,IT,Toscana,Firenze,50124,43.7549435,11.2216134
T-995986,T-484936,IT,Toscana,Livorno,57124,43.5377939,10.383479
T-984755,T-363732,IT,Toscana,Firenze,50136,43.7668053,11.2991498
T-601865,T-561601,IT,Toscana,Firenze,50136,43.7668053,11.2991498
T-967119,T-762815,IT,Toscana,Firenze,50124,43.7549435,11.2216134
T-415248,T-430036,IT,Toscana,Firenze,50136,43.7668053,11.2991498
T-399002,T-615096,IT,Toscana,Livorno,57124,43.5377939,10.383479
T-522900,T-1729,IT,Toscana,Firenze,50136,43.7668053,11.2991498
T-415299,T-285156,IT,Toscana,Firenze,50124,43.7549435,11.2216134
T-882334,T-265283,IT,Toscana,Firenze,50136,43.7668053,11.2991498
T-478512,T-218534,IT,Toscana,Firenze,50136,43.7668053,11.2991498
T-817056,T-463778,IT,Toscana,Firenze,50124,43.7549435,11.2216134
T-194081,T-118943,IT,Toscana,Firenze,50124,43.7549435,11.2216134
T-552172,T-690543,IT,Toscana,Livorno,57124,43.5377939,10.383479
T-740636,T-344484,IT,Toscana,Firenze,50136,43.7668053,11.2991498
T-741851,T-973144,IT,Toscana,Livorno,57124,43.5377939,10.383479
T-415301,T-76226,IT,Toscana,Livorno,57124,43.5377939,10.383479
T-60179,T-208722,IT,Toscana,Firenze,50124,43.7549435,11.2216134
T-896633,T-478215,IT,Toscana,Firenze,50124,43.7549435,11.2216134
T-883565,T-499283,IT,Toscana,Livorno,57124,43.5377939,10.383479
T-95571,T-694532,IT,Toscana,Firenze,50136,43.7668053,11.2991498
T-914500,T-118072,IT,Toscana,Firenze,50124,43.7549435,11.2216134
T-386531,T-413696,IT,Toscana,Firenze,50124,43.7549435,11.2216134
T-740316,T-74581,IT,Toscana,Livorno,57124,43.5377939,10.383479
T-413439,T-202260,IT,Toscana,Firenze,50124,43.7549435,11.2216134
T-64638,T-492730,IT,Toscana,Firenze,50124,43.7549435,11.2216134
T-522124,T-692028,IT,Toscana,Firenze,50136,43.7668053,11.2991498
T-743154,T-94778,IT,Toscana,Firenze,50136,43.7668053,11.2991498
T-881369,T-567483,IT,Toscana,Livorno,57124,43.5377939,10.383479
T-392108,T-110955,IT,Toscana,Firenze,50136,43.7668053,11.2991498
T-376082,T-779854,IT,Toscana,Firenze,50136,43.7668053,11.2991498
T-771727,T-704872,IT,Toscana,Firenze,50124,43.7549435,11.2216134
T-350754,T-338077,IT,Toscana,Livorno,57124,43.5377939,10.383479
T-477433,T-54684,IT,Toscana,Firenze,50136,43.7668053,11.2991498
T-553119,T-518594,IT,Toscana,Firenze,50136,43.7668053,11.2991498
T-753126,T-161988,IT,Toscana,Livorno,57124,43.5377939,10.383479
T-972714,T-231372,IT,Toscana,Livorno,57124,43.5377939,10.383479
T-351425,T-346995,IT,Toscana,Firenze,50124,43.7549435,11.2216134
T-275730,T-605370,IT,Toscana,Livorno,57124,43.5377939,10.383479
T-441600,T-306524,IT,Toscana,Livorno,57124,43.5377939,10.383479
T-325770,T-568064,IT,Toscana,Livorno,57124,43.5377939,10.383479
T-475452,T-446873,IT,Toscana,Livorno,57124,43.5377939,10.383479
T-761990,T-236710,IT,Toscana,Firenze,50124,43.7549435,11.2216134
T-699474,T-314724,IT,Toscana,Firenze,50136,43.7668053,11.2991498
T-301160,T-535171,IT,Toscana,Firenze,50124,43.7549435,11.2216134
T-945424,T-520387,IT,Toscana,Firenze,50136,43.7668053,11.2991498
T-952086,T-597375,IT,Toscana,Livorno,57124,43.5377939,10.383479
T-252334,T-4802,IT,Toscana,Livorno,57124,43.5377939,10.383479
T-766986,T-83000,IT,Toscana,Firenze,50124,43.7549435,11.2216134
T-971448,T-418449,IT,Toscana,Livorno,57124,43.5377939,10.383479
T-580617,T-933457,IT,Toscana,Firenze,50124,43.7549435,11.2216134
T-103617,T-247637,IT,Toscana,Firenze,50136,43.7668053,11.2991498
T-435587,T-189320,IT,Toscana,Firenze,50124,43.7549435,11.2216134
T-188749,T-428538,IT,Toscana,Firenze,50124,43.7549435,11.2216134
T-527832,T-686816,IT,Toscana,Firenze,50124,43.7549435,11.2216134
T-801368,T-5032,IT,Toscana,Livorno,57124,43.5377939,10.383479
T-42640,T-731872,IT,Toscana,Firenze,50124,43.7549435,11.2216134
T-413176,T-631607,IT,Toscana,Firenze,50124,43.7549435,11.2216134
T-368148,T-43204,IT,Toscana,Firenze,50124,43.7549435,11.2216134
T-157454,T-803807,IT,Toscana,Firenze,50136,43.7668053,11.2991498
T-638888,T-210425,IT,Toscana,Firenze,50124,43.7549435,11.2216134
T-913014,T-254979,IT,Toscana,Livorno,57124,43.5377939,10.383479
T-309204,T-179854,IT,Toscana,Livorno,57124,43.5377939,10.383479
T-969445,T-46856,IT,Toscana,Firenze,50124,43.7549435,11.2216134
T-353323,T-997441,IT,Toscana,Firenze,50124,43.7549435,11.2216134
T-269911,T-824816,IT,Toscana,Livorno,57124,43.5377939,10.383479
T-202135,T-438450,IT,Toscana,Livorno,57124,43.5377939,10.383479
T-466734,T-49094,IT,Toscana,Firenze,50136,43.7668053,11.2991498
T-92643,T-872223,IT,Toscana,Livorno,57124,43.5377939,10.383479
T-163434,T-976308,IT,Toscana,Livorno,57124,43.5377939,10.383479
T-685221,T-414193,IT,Toscana,Firenze,50124,43.7549435,11.2216134
T-184528,T-79839,IT,Toscana,Firenze,50136,43.7668053,11.2991498
T-681392,T-752129,IT,Toscana,Firenze,50124,43.7549435,11.2216134
T-57766,T-836920,IT,Toscana,Firenze,50136,43.7668053,11.2991498
T-197940,T-574412,IT,Toscana,Livorno,57124,43.5377939,10.383479
T-761744,T-277166,IT,Toscana,Livorno,57124,43.5377939,10.383479
T-330939,T-567460,IT,Toscana,Firenze,50136,43.7668053,11.2991498
T-722611,T-166904,IT,Toscana,Firenze,50124,43.7549435,11.2216134
T-626106,T-444982,IT,Toscana,Firenze,50124,43.7549435,11.2216134
T-276930,T-524243,IT,Toscana,Livorno,57124,43.5377939,10.383479
T-994920,T-941604,IT,Toscana,Firenze,50136,43.7668053,11.2991498
T-452625,T-5011,IT,Toscana,Firenze,50136,43.7668053,11.2991498
T-360747,T-336191,IT,Toscana,Firenze,50124,43.7549435,11.2216134
T-198285,T-89006,IT,Toscana,Firenze,50136,43.7668053,11.2991498
T-785454,T-345412,IT,Toscana,Livorno,57124,43.5377939,10.383479
T-190539,T-774659,IT,Toscana,Firenze,50136,43.7668053,11.2991498
T-245331,T-365938,IT,Toscana,Firenze,50124,43.7549435,11.2216134
T-662264,T-691770,IT,Toscana,Firenze,50136,43.7668053,11.2991498
T-841353,T-73935,IT,Toscana,Firenze,50136,43.7668053,11.2991498
T-284277,T-509284,IT,Toscana,Firenze,50124,43.7549435,11.2216134
T-353150,T-841635,IT,Toscana,Firenze,50124,43.7549435,11.2216134
T-695441,T-551586,IT,Toscana,Firenze,50136,43.7668053,11.2991498
T-84514,T-79397,IT,Toscana,Firenze,50136,43.7668053,11.2991498
T-637930,T-144745,IT,Toscana,Livorno,57124,43.5377939,10.383479
T-73042,T-971235,IT,Toscana,Livorno,57124,43.5377939,10.383479
T-87316,T-517456,IT,Toscana,Firenze,50124,43.7549435,11.2216134
T-997338,T-768564,IT,Toscana,Livorno,57124,43.5377939,10.383479
T-783641,T-919132,IT,Toscana,Livorno,57124,43.5377939,10.383479
T-399487,T-671487,IT,Toscana,Livorno,57124,43.5377939,10.383479
T-637984,T-571659,IT,Toscana,Firenze,50136,43.7668053,11.2991498
T-594536,T-190069,IT,Toscana,Firenze,50124,43.7549435,11.2216134
T-177037,T-863816,IT,Toscana,Firenze,50136,43.7668053,11.2991498
T-772682,T-327724,IT,Toscana,Firenze,50124,43.7549435,11.2216134
T-538750,T-500268,IT,Toscana,Firenze,50136,43.7668053,11.2991498
T-927938,T-693558,IT,Toscana,Firenze,50136,43.7668053,11.2991498
T-887137,T-839137,IT,Toscana,Firenze,50124,43.7549435,11.2216134
T-657021,T-342169,IT,Toscana,Livorno,57124,43.5377939,10.383479
T-658620,T-425764,IT,Toscana,Livorno,57124,43.5377939,10.383479
T-145448,T-809641,IT,Toscana,Firenze,50136,43.7668053,11.2991498
T-634448,T-266579,IT,Toscana,Firenze,50136,43.7668053,11.2991498
T-199825,T-31405,IT,Toscana,Firenze,50136,43.7668053,11.2991498
T-446405,T-12620,IT,Toscana,Livorno,57124,43.5377939,10.383479
T-442322,T-474657,IT,Toscana,Firenze,50124,43.7549435,11.2216134
T-188238,T-955344,IT,Toscana,Livorno,57124,43.5377939,10.383479
T-355258,T-637641,IT,Toscana,Firenze,50136,43.7668053,11.2991498
T-861663,T-37576,IT,Toscana,Firenze,50124,43.7549435,11.2216134
T-632425,T-937076,IT,Toscana,Livorno,57124,43.5377939,10.383479
T-516885,T-914189,IT,Toscana,Firenze,50136,43.7668053,11.2991498
T-156310,T-54062,IT,Toscana,Livorno,57124,43.5377939,10.383479
T-59924,T-809718,IT,Toscana,Firenze,50124,43.7549435,11.2216134
T-195277,T-158143,IT,Toscana,Livorno,57124,43.5377939,10.383479
T-591476,T-937762,IT,Toscana,Firenze,50124,43.7549435,11.2216134
T-543272,T-281507,IT,Toscana,Livorno,57124,43.5377939,10.383479
T-230912,T-672769,IT,Toscana,Livorno,57124,43.5377939,10.383479
T-499054,T-745643,IT,Toscana,Firenze,50124,43.7549435,11.2216134
T-109349,T-258004,IT,Toscana,Firenze,50124,43.7549435,11.2216134
T-528495,T-147973,IT,Toscana,Firenze,50136,43.7668053,11.2991498
T-318103,T-14847,IT,Toscana,Livorno,57124,43.5377939,10.383479
T-718707,T-585600,IT,Toscana,Firenze,50136,43.7668053,11.2991498
T-144830,T-359034,IT,Toscana,Livorno,57124,43.5377939,10.383479
T-360120,T-485458,IT,Toscana,Livorno,57124,43.5377939,10.383479
T-724953,T-462620,IT,Toscana,Livorno,57124,43.5377939,10.383479
T-304846,T-477317,IT,Toscana,Firenze,50124,43.7549435,11.2216134
T-641406,T-545173,IT,Toscana,Livorno,57124,43.5377939,10.383479
T-726240,T-693182,IT,Toscana,Firenze,50124,43.7549435,11.2216134
T-884043,T-120404,IT,Toscana,Livorno,57124,43.5377939,10.383479
T-441429,T-815471,IT,Toscana,Firenze,50124,43.7549435,11.2216134
T-888687,T-168985,IT,Toscana,Firenze,50136,43.7668053,11.2991498
T-415619,T-415386,IT,Toscana,Firenze,50136,43.7668053,11.2991498
T-151290,T-584517,IT,Toscana,Livorno,57124,43.5377939,10.383479
T-566621,T-347856,IT,Toscana,Livorno,57124,43.5377939,10.383479
T-877856,T-938261,IT,Toscana,Livorno,57124,43.5377939,10.383479
T-605624,T-462555,IT,Toscana,Firenze,50124,43.7549435,11.2216134
T-280667,T-263124,IT,Toscana,Firenze,50124,43.7549435,11.2216134
T-48845,T-295693,IT,Toscana,Firenze,50136,43.7668053,11.2991498
T-769746,T-608077,IT,Toscana,Livorno,57124,43.5377939,10.383479
T-144467,T-543159,IT,Toscana,Livorno,57124,43.5377939,10.383479
T-274390,T-996429,IT,Toscana,Firenze,50124,43.7549435,11.2216134
T-131159,T-534911,IT,Toscana,Firenze,50136,43.7668053,11.2991498
T-387081,T-135403,IT,Toscana,Firenze,50136,43.7668053,11.2991498
T-681462,T-217338,IT,Toscana,Livorno,57124,43.5377939,10.383479
T-486385,T-605197,IT,Toscana,Firenze,50136,43.7668053,11.2991498
T-15280,T-954512,IT,Toscana,Firenze,50136,43.7668053,11.2991498
T-643959,T-361158,IT,Toscana,Firenze,50136,43.7668053,11.2991498
T-214587,T-281685,IT,Toscana,Firenze,50136,43.7668053,11.2991498
T-840056,T-413688,IT,Toscana,Firenze,50136,43.7668053,11.2991498
T-401571,T-211820,IT,Toscana,Livorno,57124,43.5377939,10.383479
T-850632,T-312869,IT,Toscana,Firenze,50124,43.7549435,11.2216134
T-423488,T-347657,IT,Toscana,Firenze,50124,43.7549435,11.2216134
T-234259,T-190534,IT,Toscana,Livorno,57124,43.5377939,10.383479
T-860914,T-591679,IT,Toscana,Firenze,50124,43.7549435,11.2216134
T-883162,T-175506,IT,Toscana,Livorno,57124,43.5377939,10.383479
T-376615,T-443644,IT,Toscana,Livorno,57124,43.5377939,10.383479
T-833102,T-996427,IT,Toscana,Firenze,50124,43.7549435,11.2216134
T-877980,T-908816,IT,Toscana,Firenze,50136,43.7668053,11.2991498
T-95440,T-298522,IT,Toscana,Firenze,50124,43.7549435,11.2216134
T-32888,T-899630,IT,Toscana,Firenze,50124,43.7549435,11.2216134
T-444286,T-689636,IT,Toscana,Livorno,57124,43.5377939,10.383479
T-388667,T-551227,IT,Toscana,Firenze,50136,43.7668053,11.2991498
T-861044,T-773884,IT,Toscana,Firenze,50124,43.7549435,11.2216134
T-206272,T-641162,IT,Toscana,Livorno,57124,43.5377939,10.383479
T-436862,T-126186,IT,Toscana,Firenze,50136,43.7668053,11.2991498
T-933083,T-123800,IT,Toscana,Livorno,57124,43.5377939,10.383479
T-290808,T-943795,IT,Toscana,Firenze,50124,43.7549435,11.2216134
T-534170,T-195120,IT,Toscana,Firenze,50136,43.7668053,11.2991498
T-210940,T-33336,IT,Toscana,Firenze,50124,43.7549435,11.2216134
T-853423,T-352146,IT,Toscana,Firenze,50136,43.7668053,11.2991498
T-403881,T-248747,IT,Toscana,Firenze,50124,43.7549435,11.2216134
T-907807,T-791836,IT,Toscana,Firenze,50136,43.7668053,11.2991498
T-708919,T-924652,IT,Toscana,Firenze,50124,43.7549435,11.2216134
T-572867,T-439744,IT,Toscana,Firenze,50136,43.7668053,11.2991498
T-787585,T-487657,IT,Toscana,Firenze,50124,43.7549435,11.2216134
T-509845,T-515821,IT,Toscana,Firenze,50136,43.7668053,11.2991498
T-673171,T-465057,IT,Toscana,Firenze,50124,43.7549435,11.2216134
T-861211,T-824619,IT,Toscana,Firenze,50124,43.7549435,11.2216134
T-374267,T-135565,IT,Toscana,Livorno,57124,43.5377939,10.383479
T-69427,T-176241,IT,Toscana,Livorno,57124,43.5377939,10.383479
T-370354,T-508431,IT,Toscana,Firenze,50124,43.7549435,11.2216134
T-408787,T-507992,IT,Toscana,Firenze,50124,43.7549435,11.2216134
T-13036,T-130027,IT,Toscana,Livorno,57124,43.5377939,10.383479
T-952807,T-336762,IT,Toscana,Livorno,57124,43.5377939,10.383479
T-732503,T-46239,IT,Toscana,Firenze,50136,43.7668053,11.2991498
T-315931,T-464481,IT,Toscana,Firenze,50124,43.7549435,11.2216134
T-67970,T-856718,IT,Toscana,Firenze,50136,43.7668053,11.2991498
T-23376,T-518731,IT,Toscana,Firenze,50136,43.7668053,11.2991498
T-72361,T-436404,IT,Toscana,Firenze,50124,43.7549435,11.2216134
T-534077,T-865594,IT,Toscana,Firenze,50136,43.7668053,11.2991498
T-258893,T-84245,IT,Toscana,Livorno,57124,43.5377939,10.383479
T-215544,T-207283,IT,Toscana,Firenze,50124,43.7549435,11.2216134
T-231973,T-473445,IT,Toscana,Firenze,50136,43.7668053,11.2991498
T-959401,T-13464,IT,Toscana,Livorno,57124,43.5377939,10.383479
T-579248,T-936654,IT,Toscana,Firenze,50124,43.7549435,11.2216134
T-816918,T-889369,IT,Toscana,Livorno,57124,43.5377939,10.383479
T-466671,T-617729,IT,Toscana,Firenze,50136,43.7668053,11.2991498
T-529553,T-832805,IT,Toscana,Firenze,50124,43.7549435,11.2216134
T-190396,T-736687,IT,Toscana,Firenze,50136,43.7668053,11.2991498
T-814582,T-726160,IT,Toscana,Firenze,50124,43.7549435,11.2216134
T-54304,T-788169,IT,Toscana,Firenze,50136,43.7668053,11.2991498
T-323630,T-180621,IT,Toscana,Firenze,50136,43.7668053,11.2991498
T-986675,T-16994,IT,Toscana,Firenze,50124,43.7549435,11.2216134
T-927067,T-442342,IT,Toscana,Firenze,50136,43.7668053,11.2991498
T-327802,T-94756,IT,Toscana,Livorno,57124,43.5377939,10.383479
T-102929,T-186941,IT,Toscana,Firenze,50124,43.7549435,11.2216134
T-769515,T-612525,IT,Toscana,Firenze,50124,43.7549435,11.2216134
T-127409,T-434115,IT,Toscana,Livorno,57124,43.5377939,10.383479
T-850146,T-629977,IT,Toscana,Firenze,50124,43.7549435,11.2216134
T-816154,T-416515,IT,Toscana,Livorno,57124,43.5377939,10.383479
T-108993,T-442812,IT,Toscana,Firenze,50136,43.7668053,11.2991498
T-708516,T-413135,IT,Toscana,Firenze,50136,43.7668053,11.2991498
T-406292,T-377277,IT,Toscana,Firenze,50124,43.7549435,11.2216134
T-971199,T-210567,IT,Toscana,Firenze,50136,43.7668053,11.2991498
T-379293,T-652241,IT,Toscana,Livorno,57124,43.5377939,10.383479
T-553710,T-902400,IT,Toscana,Livorno,57124,43.5377939,10.383479
T-727431,T-57307,IT,Toscana,Firenze,50124,43.7549435,11.2216134
T-75567,T-160896,IT,Toscana,Firenze,50136,43.7668053,11.2991498
T-891423,T-333147,IT,Toscana,Firenze,50136,43.7668053,11.2991498
T-263340,T-104926,IT,Toscana,Firenze,50136,43.7668053,11.2991498
T-86271,T-526851,IT,Toscana,Livorno,57124,43.5377939,10.383479
T-569649,T-897354,IT,Toscana,Firenze,50136,43.7668053,11.2991498
T-419652,T-156333,IT,Toscana,Firenze,50124,43.7549435,11.2216134
T-166447,T-801986,IT,Toscana,Livorno,57124,43.5377939,10.383479
T-254766,T-690014,IT,Toscana,Firenze,50136,43.7668053,11.2991498
T-809202,T-12360,IT,Toscana,Firenze,50124,43.7549435,11.2216134
T-506019,T-791512,IT,Toscana,Firenze,50136,43.7668053,11.2991498
T-124938,T-523150,IT,Toscana,Firenze,50136,43.7668053,11.2991498
T-607019,T-599293,IT,Toscana,Firenze,50124,43.7549435,11.2216134
T-952626,T-319593,IT,Toscana,Firenze,50124,43.7549435,11.2216134
T-874383,T-719300,IT,Toscana,Firenze,50136,43.7668053,11.2991498
T-574457,T-967866,IT,Toscana,Firenze,50136,43.7668053,11.2991498
T-866408,T-896848,IT,Toscana,Firenze,50136,43.7668053,11.2991498
T-60038,T-679321,IT,Toscana,Firenze,50136,43.7668053,11.2991498
T-668357,T-361557,IT,Toscana,Firenze,50124,43.7549435,11.2216134
T-548648,T-960324,IT,Toscana,Firenze,50136,43.7668053,11.2991498
T-744514,T-267315,IT,Toscana,Livorno,57124,43.5377939,10.383479
T-444859,T-710819,IT,Toscana,Livorno,57124,43.5377939,10.383479
T-618974,T-696914,IT,Toscana,Livorno,57124,43.5377939,10.383479
T-970521,T-53672,IT,Toscana,Livorno,57124,43.5377939,10.383479
T-309909,T-415299,IT,Toscana,Firenze,50124,43.7549435,11.2216134
T-550796,T-472396,IT,Toscana,Firenze,50124,43.7549435,11.2216134
T-975393,T-455880,IT,Toscana,Firenze,50124,43.7549435,11.2216134
T-707872,T-494816,IT,Toscana,Livorno,57124,43.5377939,10.383479
T-679753,T-769382,IT,Toscana,Firenze,50136,43.7668053,11.2991498
T-692916,T-266397,IT,Toscana,Firenze,50124,43.7549435,11.2216134
T-189396,T-27938,IT,Toscana,Firenze,50124,43.7549435,11.2216134
T-229284,T-368201,IT,Toscana,Firenze,50136,43.7668053,11.2991498
T-425479,T-243524,IT,Toscana,Firenze,50124,43.7549435,11.2216134
T-511877,T-738123,IT,Toscana,Firenze,50136,43.7668053,11.2991498
T-11351,T-568614,IT,Toscana,Firenze,50124,43.7549435,11.2216134
T-877190,T-734315,IT,Toscana,Firenze,50136,43.7668053,11.2991498
T-891214,T-642650,IT,Toscana,Firenze,50124,43.7549435,11.2216134
T-590989,T-594141,IT,Toscana,Livorno,57124,43.5377939,10.383479
T-292362,T-559085,IT,Toscana,Firenze,50136,43.7668053,11.2991498
T-121188,T-584495,IT,Toscana,Firenze,50136,43.7668053,11.2991498
T-928011,T-785196,IT,Toscana,Firenze,50124,43.7549435,11.2216134
T-693308,T-731955,IT,Toscana,Firenze,50136,43.7668053,11.2991498
T-677929,T-6656,IT,Toscana,Livorno,57124,43.5377939,10.383479
T-296279,T-471800,IT,Toscana,Livorno,57124,43.5377939,10.383479
T-456205,T-395874,IT,Toscana,Firenze,50124,43.7549435,11.2216134
T-499673,T-343933,IT,Toscana,Firenze,50136,43.7668053,11.2991498
T-133787,T-630670,IT,Toscana,Firenze,50136,43.7668053,11.2991498
T-570143,T-957991,IT,Toscana,Firenze,50136,43.7668053,11.2991498
T-378887,T-566854,IT,Toscana,Firenze,50124,43.7549435,11.2216134
T-636687,T-679976,IT,Toscana,Firenze,50124,43.7549435,11.2216134
T-473069,T-509018,IT,Toscana,Firenze,50136,43.7668053,11.2991498
T-45532,T-440144,IT,Toscana,Firenze,50136,43.7668053,11.2991498
T-686484,T-264806,IT,Toscana,Livorno,57124,43.5377939,10.383479
T-136309,T-472865,IT,Toscana,Livorno,57124,43.5377939,10.383479
T-546029,T-358382,IT,Toscana,Firenze,50124,43.7549435,11.2216134
T-550899,T-119892,IT,Toscana,Firenze,50136,43.7668053,11.2991498
T-510222,T-412029,IT,Toscana,Firenze,50136,43.7668053,11.2991498
